Title,Year,Type,Status
3 Body Problem,,tv,watching
3%,,tv,dropped
30 Coins,,tv,dropped
30 Rock,,tv,completed
3Below: Tales of Arcadia,,tv,completed
A Knight of the Seven Kingdoms,,tv,watching
A Man on the Inside,,tv,watching
Abbott Elementary,,tv,dropped
Acapulco,,tv,completed
Adult Material,,tv,completed
After Life,,tv,completed
Agatha All Along,,tv,completed
Alice in Borderland,,tv,completed
Alien: Earth,,tv,watching
Alpha Males,,tv,dropped
Amazing Stories,,tv,completed
Animal Control,,tv,dropped
Another Life,,tv,dropped
Arrested Development,,tv,completed
Arthdal Chronicles,,tv,dropped
Ash vs Evil Dead,,tv,completed
Asterix: The Big Fight,,tv,completed
Atlanta,,tv,dropped
Avatar: The Last Airbender,,tv,completed
Avatar: The Last Airbender (2024),,tv,watching
Awkward,,tv,dropped
Beast Games,,tv,completed
Beef,,tv,dropped
Better Call Saul,,tv,completed
Better Than Us,,tv,dropped
Black Books,,tv,completed
Black Mirror,,tv,watching
Black Monday,,tv,watching
Blood Machines,,tv,completed
Blue Eye Samurai,,tv,watching
Bob's Burgers,,tv,dropped
Bonding,,tv,completed
Brassic,,tv,completed
Brave New World,,tv,completed
Breaking Bad,,tv,completed
Britannia,,tv,completed
Catastrophe,,tv,completed
Chad Powers,,tv,watching
Chappelle's Show,,tv,completed
Chernobyl,,tv,completed
Chief of War,,tv,dropped
Chilling Adventures of Sabrina,,tv,dropped
Colin from Accounts,,tv,watching
Community,,tv,completed
Community Squad,,tv,completed
Conan Without Borders,,tv,completed
Constellation,,tv,dropped
Corporate,,tv,dropped
Counterpart,,tv,dropped
Cowboy Bebop (2021),,tv,completed
Crashing,,tv,completed
Culinary Class Wars,,tv,watching
Cunk on Earth,,tv,completed
Daisy Jones & The Six,,tv,completed
Dandadan,,tv,dropped
Daredevil: Born Again,,tv,dropped
Dark,,tv,completed
Dark Matter,,tv,watching
Dark Tourist,,tv,completed
Dave,,tv,completed
Deadly Class,,tv,completed
Death Note,,tv,completed
Deli Boys,,tv,dropped
Derek,,tv,completed
Derry Girls,,tv,completed
Devil May Cry,,tv,dropped
Devs,,tv,completed
Dirk Gently's Holistic Detective Agency,,tv,completed
Eastbound & Down,,tv,completed
Eden,,tv,completed
El Encargado,,tv,watching
El Fin de la Comedia,,tv,completed
El Pueblo,,tv,completed
Electric Dreams,,tv,completed
Entrepreneurs,,tv,dropped
Euphoria,,tv,dropped
Everything Sucks!,,tv,completed
Evil,,tv,completed
Extraordinary,,tv,completed
Extras,,tv,completed
F is for Family,,tv,completed
Fallout,,tv,completed
Family Guy,,tv,dropped
Fargo,,tv,completed
Fighting Evil (with Mixed Results),,tv,dropped
Film Club,,tv,completed
Fisk,,tv,watching
Fleabag,,tv,completed
Forever,,tv,completed
Forged in Fire,,tv,dropped
Foundation,,tv,watching
Friends,,tv,completed
From,,tv,watching
Fullmetal Alchemist,,tv,completed
Futurama,,tv,dropped
Future Man,,tv,completed
Game of Thrones,,tv,completed
Gen V,,tv,completed
Generation,,tv,completed
Generation 56K,,tv,completed
Georgie & Mandy's First Marriage,,tv,watching
Get Shorty,,tv,completed
Ghosts (US),,tv,dropped
GLOW,,tv,completed
Gold Rush,,tv,watching
Good Omens,,tv,completed
Hacks,,tv,completed
Halo,,tv,completed
Halston,,tv,completed
Halt and Catch Fire,,tv,completed
Happy!,,tv,completed
High Potential,,tv,dropped
Hollywood,,tv,completed
Home Movie: The Princess Bride,,tv,completed
House of Cards,,tv,completed
House of the Dragon,,tv,watching
How to Get to Heaven from Belfast,,tv,completed
How to Sell Drugs Online (Fast),,tv,completed
Hunters,,tv,dropped
Hysteria!,,tv,dropped
I Am Groot,,tv,completed
I Am Not Okay with This,,tv,completed
Invasion,,tv,dropped
Invincible,,tv,dropped
It's a Sin,,tv,completed
It's Always Sunny in Philadelphia,,tv,watching
IT: Welcome to Derry,,tv,watching
Jericho,,tv,dropped
Jonathan Strange & Mr Norrell,,tv,completed
Jupiter's Legacy,,tv,completed
Jury Duty,,tv,watching
Kaos,,tv,completed
Killing Eve,,tv,completed
Kim's Convenience,,tv,completed
La Oficina (The Office ES),,tv,watching
Landman,,tv,dropped
Lanterns,,tv,watching
Last One Laughing,,tv,dropped
Legion,,tv,dropped
Lego Masters,,tv,watching
Letterkenny,,tv,dropped
Life in Pieces,,tv,dropped
Light & Magic,,tv,completed
Light Shop,,tv,dropped
Little America,,tv,dropped
Living with Yourself,,tv,completed
Locke & Key,,tv,completed
Loki,,tv,completed
Lost,,tv,completed
Lost in Space,,tv,completed
Loudermilk,,tv,completed
Louie,,tv,completed
Love (Netflix),,tv,completed
Love on the Spectrum,,tv,dropped
Love on the Spectrum U.S.,,tv,watching
"Love, Death & Robots",,tv,watching
Lovecraft Country,,tv,completed
Lovesick,,tv,completed
Lupin,,tv,dropped
Mad Men,,tv,completed
Made for Love,,tv,completed
Malcolm in the Middle,,tv,completed
Marlon,,tv,dropped
Master of None,,tv,completed
MasterChef Celebrity,,tv,watching
MasterChef España,,tv,watching
Maya and the Three,,tv,completed
Mel Brooks: The 99 Year Old Man,,tv,completed
Middleditch & Schwartz,,tv,completed
Mindhunter,,tv,completed
Miracle Workers,,tv,completed
Miranda,,tv,completed
MobLand,,tv,watching
Modern Family,,tv,completed
Monarch: Legacy of Monsters,,tv,watching
Moon Knight,,tv,completed
Moving,,tv,watching
Mr Bigstuff,,tv,dropped
Mr. Iglesias,,tv,watching
Mr. Robot,,tv,completed
Muertos S.L.,,tv,watching
Murderbot,,tv,watching
My Mad Fat Diary,,tv,completed
My Name Is Earl,,tv,completed
Mythic Quest,,tv,completed
Nada,,tv,completed
Narcos,,tv,completed
Narcos: Mexico,,tv,dropped
NewsRadio,,tv,dropped
Norsemen,,tv,completed
"Old Dog, New Tricks",,tv,watching
On My Block,,tv,completed
Once Upon a Time,,tv,dropped
One Piece (2023),,tv,watching
Only Murders in the Building,,tv,watching
Origin,,tv,dropped
Our Flag Means Death,,tv,completed
Outer Range,,tv,completed
Outsourced,,tv,completed
Ozark,,tv,completed
Paradise,,tv,watching
Paradise PD,,tv,dropped
Parks and Recreation,,tv,completed
Party Down,,tv,completed
Peacemaker,,tv,completed
Peaky Blinders,,tv,completed
Penny Dreadful,,tv,dropped
People of Earth,,tv,completed
Percy Jackson and the Olympians,,tv,dropped
Platonic,,tv,watching
Please Like Me,,tv,completed
Pluribus,,tv,watching
Poker Face,,tv,dropped
Preacher,,tv,completed
Primal,,tv,watching
Primeval,,tv,dropped
Quiz,,tv,completed
Ragnarok,,tv,completed
Raised by Wolves,,tv,dropped
Raising Dion,,tv,dropped
Ratched,,tv,completed
Reboot,,tv,completed
Reno 911!,,tv,dropped
Resident Alien,,tv,completed
Rick and Morty,,tv,watching
Rooster,,tv,watching
Rotten,,tv,completed
Schitt's Creek,,tv,completed
Scrubs,,tv,completed
See,,tv,dropped
Sense8,,tv,completed
Severance,,tv,watching
Sex Education,,tv,completed
Shadow and Bone,,tv,completed
Shameless (US),,tv,completed
Sharp Objects,,tv,completed
Sherlock,,tv,completed
Shogun,,tv,watching
Shoresy,,tv,watching
Shrinking,,tv,dropped
Silicon Valley,,tv,completed
Silo,,tv,completed
Six Feet Under,,tv,completed
Small Prophets,,tv,watching
SMILF,,tv,completed
Snowpiercer,,tv,completed
Solar Opposites,,tv,dropped
Somebody Somewhere,,tv,dropped
Soulmates,,tv,completed
South Park,,tv,dropped
South Side,,tv,dropped
Special,,tv,completed
Spider-Noir (B. Reilly),,tv,dropped
Sprung,,tv,completed
Squid Game,,tv,completed
Staged,,tv,completed
Star Trek: Strange New Worlds,,tv,dropped
Star Wars: Ahsoka,,tv,watching
Star Wars: Andor,,tv,completed
Star Wars: Maul – Shadow Lord,,tv,dropped
Star Wars: The Acolyte,,tv,dropped
StartUp,,tv,completed
Stranger Things,,tv,completed
Stranger Things: Tales from '85,,tv,dropped
Stuart Fails to Save the Universe,,tv,completed
Succession,,tv,completed
Supacell,,tv,watching
Superstore,,tv,completed
Sweet Tooth,,tv,completed
Tacoma FD,,tv,dropped
Tales from the Loop,,tv,completed
Task,,tv,watching
Ted,,tv,completed
Ted Lasso,,tv,watching
That '70s Show,,tv,completed
The Afterparty,,tv,completed
The Alienist,,tv,completed
The Artful Dodger,,tv,watching
The Bastard Son & the Devil Himself,,tv,completed
The Bear,,tv,watching
The Big Bang Theory,,tv,completed
The Big Door Prize,,tv,dropped
The Book of Boba Fett,,tv,completed
The Boroughs,,tv,completed
The Boys,,tv,completed
The Completely Made-Up Adventures of Dick Turpin,,tv,dropped
The Continental: From the World of John Wick,,tv,dropped
The Copenhagen Test,,tv,dropped
The Curse,,tv,completed
The Defiant Ones,,tv,completed
The End of the F***ing World,,tv,completed
The Eternaut,,tv,watching
The Expanse,,tv,dropped
The Falcon and the Winter Soldier,,tv,completed
The Fall,,tv,completed
The Four Seasons,,tv,watching
The Fresh Prince of Bel-Air,,tv,completed
The Gentlemen,,tv,watching
The Goldbergs,,tv,completed
The Good Place,,tv,completed
The Great Canadian Pottery Throw Down,,tv,watching
The Great Pottery Throw Down,,tv,dropped
The Gryphon,,tv,completed
The Handmaid's Tale,,tv,dropped
The Inbetweeners,,tv,completed
The Irregulars,,tv,completed
The IT Crowd,,tv,completed
The Kominsky Method,,tv,completed
The Last Man on Earth,,tv,completed
The Last of Us,,tv,watching
The League,,tv,completed
The Leftovers,,tv,completed
The Letter for the King,,tv,completed
The Lord of the Rings: The Rings of Power,,tv,watching
The Lost Symbol,,tv,completed
The Loudest Voice,,tv,completed
The Man Who Fell to Earth,,tv,completed
The Mandalorian,,tv,completed
The Marvelous Mrs. Maisel,,tv,completed
The Miniature Wife,,tv,watching
The Morning Show,,tv,dropped
The Movies That Made Us,,tv,completed
The Mysterious Benedict Society,,tv,dropped
The Neighbor (El Vecino),,tv,completed
The New Pope,,tv,completed
The Night Manager,,tv,watching
The OA,,tv,completed
The Offer,,tv,completed
The Office (UK),,tv,completed
The Orville,,tv,completed
The Outlaws,,tv,completed
The Paper,,tv,watching
The Queen's Gambit,,tv,completed
The Ranch,,tv,completed
The Rehearsal,,tv,completed
The Righteous Gemstones,,tv,completed
The Sandman,,tv,dropped
The Sentinels,,tv,dropped
The Shannara Chronicles,,tv,dropped
The Sopranos,,tv,completed
The Studio,,tv,watching
The Tick,,tv,completed
The Umbrella Academy,,tv,completed
The Virtues,,tv,completed
The War Between the Land and the Sea,,tv,completed
The White Lotus,,tv,dropped
The Wire,,tv,dropped
The Witcher,,tv,dropped
The Young Offenders,,tv,dropped
The Young Pope,,tv,completed
This Fool,,tv,completed
This Time with Alan Partridge,,tv,completed
Time Bandits,,tv,completed
Tires,,tv,watching
Toast of London,,tv,completed
Toast of Tinseltown,,tv,completed
Todd and the Book of Pure Evil,,tv,completed
Top Boy,,tv,completed
Trailer Park Boys,,tv,completed
Travelers,,tv,dropped
Tribes of Europa,,tv,completed
Trollhunters: Tales of Arcadia,,tv,completed
True Detective,,tv,watching
Truth Seekers,,tv,completed
Tulsa King,,tv,dropped
Turn Up Charlie,,tv,completed
Twin Peaks,,tv,completed
Twisted Metal,,tv,watching
Two and a Half Men,,tv,completed
Two Weeks to Live,,tv,completed
Undeclared,,tv,completed
Upload,,tv,completed
Upper Middle Bogan,,tv,dropped
Upright,,tv,completed
Utopia (US 2020),,tv,completed
V (2009),,tv,completed
Vamos Juan,,tv,completed
Vice Principals,,tv,completed
Vikings,,tv,completed
Vinyl,,tv,completed
WandaVision,,tv,completed
Watchmen,,tv,completed
Wayne,,tv,completed
We Are the Champions,,tv,completed
Wednesday,,tv,watching
Weeds,,tv,completed
Welcome to Flatch,,tv,completed
Welcome to Wrexham,,tv,dropped
Westworld,,tv,dropped
Wet Hot American Summer,,tv,completed
Win or Lose,,tv,completed
Wizards: Tales of Arcadia,,tv,completed
Wonder Man,,tv,watching
Wrecked,,tv,completed
Years and Years,,tv,completed
Yellowjackets,,tv,watching
Young Sheldon,,tv,completed
Young Sherlock,,tv,watching
